,종목코드,종목명,종가,대비,등락률,시가,고가,저가,거래량,거래대금,시가총액,상장주식수,업종
0,005930,삼성전자,75300.0,0.0,0.0,75300.0,75600.0,74800.0,10103212.0,760038461600.0,449524626015000.0,5969782550.0,통신 및 방송 장비 제조업
1,000660,SK하이닉스,105000.0,2000.0,1.94,103500.0,105500.0,103000.0,1999369.0,208765953000.0,76440248325000.0,728002365.0,반도체 제조업
2,035420,NAVER,410000.0,11000.0,2.76,398000.0,416500.0,398000.0,1326870.0,543277107000.0,67347991950000.0,164263395.0,"자료처리, 호스팅, 포털 및 기타 인터넷 정보매개 서비스업"
3,207940,삼성바이오로직스,925000.0,12000.0,1.31,919000.0,935000.0,919000.0,59758.0,55325942000.0,61202625000000.0,66165000.0,기초 의약물질 및 생물학적 제제 제조업
4,005935,삼성전자우,70700.0,-1000.0,-1.39,71000.0,71300.0,70700.0,1169578.0,82952130000.0,58178089690000.0,822886700.0,
5,035720,카카오,130000.0,1500.0,1.17,127000.0,133500.0,126000.0,9918050.0,1293457010500.0,57848983400000.0,444992180.0,"자료처리, 호스팅, 포털 및 기타 인터넷 정보매개 서비스업"
6,051910,LG화학,740000.0,-8000.0,-1.07,748000.0,753000.0,740000.0,267584.0,198868127548.0,52238333820000.0,70592343.0,기초 화학물질 제조업
7,006400,삼성SDI,750000.0,1000.0,0.13,750000.0,760000.0,744000.0,180522.0,136037559000.0,51573397500000.0,68764530.0,일차전지 및 축전지 제조업
8,005380,현대차,206500.0,-2000.0,-0.96,208500.0,209500.0,204000.0,678308.0,139653476000.0,44122480615500.0,213668187.0,자동차용 엔진 및 자동차 제조업
9,068270,셀트리온,267500.0,-1500.0,-0.56,269500.0,271000.0,265500.0,394088.0,105746768000.0,36897536530000.0,137934716.0,기초 의약물질 및 생물학적 제제 제조업
10,000270,기아,82500.0,-3500.0,-4.07,85600.0,86100.0,81800.0,3974698.0,328694261400.0,33442476127500.0,405363347.0,자동차용 엔진 및 자동차 제조업
11,323410,카카오뱅크,68900.0,-3100.0,-4.31,71000.0,72400.0,68100.0,6750339.0,467430057000.0,32734406329300.0,475100237.0,은행 및 저축기관
12,005490,POSCO,360000.0,500.0,0.14,360000.0,365000.0,359000.0,309238.0,111713541500.0,31387260600000.0,87186835.0,1차 철강 제조업
13,012330,현대모비스,268000.0,-9000.0,-3.25,276000.0,276500.0,265500.0,400770.0,107695539000.0,25404549192000.0,94793094.0,자동차 신품 부품 제조업
14,028260,삼성물산,129000.0,1500.0,1.18,128000.0,129000.0,127000.0,262266.0,33561030000.0,24108433449000.0,186887081.0,기타 전문 도매업
15,066570,LG전자,146500.0,5000.0,3.53,143000.0,151000.0,143000.0,1851877.0,273634545500.0,23974404751000.0,163647814.0,통신 및 방송 장비 제조업
16,096770,SK이노베이션,250000.0,3000.0,1.21,248000.0,251000.0,244000.0,386934.0,96040807000.0,23116391000000.0,92465564.0,석유 정제품 제조업
17,302440,SK바이오사이언스,299500.0,1500.0,0.5,302500.0,308500.0,295000.0,498577.0,149847393500.0,22911750000000.0,76500000.0,기초 의약물질 및 생물학적 제제 제조업
18,017670,SK텔레콤,307000.0,5500.0,1.82,303500.0,309500.0,302500.0,233552.0,71645370000.0,22122463901000.0,72060143.0,전기 통신업
19,259960,크래프톤,447000.0,-28000.0,-5.89,465000.0,469000.0,440500.0,832774.0,376416182000.0,21881295915000.0,48951445.0,소프트웨어 개발 및 공급업
20,051900,LG생활건강,1387000.0,13000.0,0.95,1375000.0,1393000.0,1362000.0,31169.0,43079180000.0,21662439239000.0,15618197.0,기타 화학제품 제조업
21,105560,KB금융,51500.0,-300.0,-0.58,51900.0,52000.0,51100.0,1371352.0,70444401260.0,21414107880000.0,415807920.0,기타 금융업
22,055550,신한지주,38250.0,-500.0,-1.29,38500.0,38550.0,37950.0,1107488.0,42207739800.0,19759932940500.0,516599554.0,기타 금융업
23,034730,SK,263000.0,2500.0,0.96,263000.0,264500.0,260500.0,139228.0,36575838000.0,18504758111000.0,70360297.0,기타 금융업
24,361610,SK아이이테크놀로지,225500.0,15500.0,7.38,210500.0,225500.0,210000.0,982443.0,217246344500.0,16077606996000.0,71297592.0,일차전지 및 축전지 제조업
25,011200,HMM,38250.0,250.0,0.66,37900.0,38650.0,37500.0,2817680.0,107167979950.0,15506262627750.0,405392487.0,해상 운송업
26,015760,한국전력,23350.0,200.0,0.86,23200.0,23450.0,23100.0,1397853.0,32511195200.0,14989861197950.0,641964077.0,전기업
27,003550,LG,94400.0,900.0,0.96,93600.0,95300.0,93500.0,139153.0,13136806800.0,14849213739200.0,157300993.0,기타 금융업
28,032830,삼성생명,73700.0,500.0,0.68,73300.0,73700.0,73000.0,158217.0,11619875500.0,14740000000000.0,200000000.0,보험업
29,009150,삼성전기,188000.0,7000.0,3.87,182500.0,188000.0,182000.0,651941.0,121176365500.0,14042414848000.0,74693696.0,전자부품 제조업
30,036570,엔씨소프트,607000.0,-4000.0,-0.65,608000.0,611000.0,601000.0,192941.0,116941447000.0,13326091354000.0,21954022.0,소프트웨어 개발 및 공급업
31,086790,하나금융지주,43500.0,-450.0,-1.02,43650.0,44000.0,43100.0,1098231.0,47630650600.0,13060529697000.0,300242062.0,기타 금융업
32,018260,삼성에스디에스,168000.0,1000.0,0.6,167500.0,169000.0,167000.0,90833.0,15237463500.0,12999470400000.0,77377800.0,"컴퓨터 프로그래밍, 시스템 통합 및 관리업"
33,003670,포스코케미칼,154000.0,0.0,0.0,153500.0,155500.0,151500.0,362215.0,55760333500.0,11929335880000.0,77463220.0,"내화, 비내화 요업제품 제조업"
34,090430,아모레퍼시픽,194500.0,500.0,0.26,194000.0,196000.0,191500.0,323756.0,62846905500.0,11370176305000.0,58458490.0,기타 화학제품 제조업
35,033780,KT&G,81600.0,300.0,0.37,81500.0,81600.0,81100.0,279601.0,22760457100.0,11203067755200.0,137292497.0,담배 제조업
36,003490,대한항공,31300.0,1100.0,3.64,30600.0,31600.0,30550.0,4084794.0,127993456050.0,10886791822500.0,347820825.0,항공 여객 운송업
37,010950,S-Oil,96400.0,-300.0,-0.31,96900.0,98500.0,96100.0,198837.0,19269493400.0,10852981148800.0,112582792.0,석유 정제품 제조업
38,000810,삼성화재,228000.0,5000.0,2.24,225500.0,229500.0,224500.0,75294.0,17161407500.0,10801462836000.0,47374837.0,보험업
39,251270,넷마블,122500.0,0.0,0.0,123000.0,123500.0,120500.0,160169.0,19588853000.0,10529303995000.0,85953502.0,소프트웨어 개발 및 공급업
40,034020,두산중공업,20400.0,-500.0,-2.39,20850.0,21050.0,20250.0,3469590.0,71175994750.0,10526527989600.0,516006274.0,일반 목적용 기계 제조업
41,352820,하이브,269500.0,-8500.0,-3.06,276500.0,279500.0,251000.0,743729.0,194794586500.0,10524195181500.0,39050817.0,오디오물 출판 및 원판 녹음업
42,010130,고려아연,508000.0,2000.0,0.4,507000.0,516000.0,501000.0,37984.0,19320466000.0,9585960000000.0,18870000.0,1차 비철금속 제조업
43,326030,SK바이오팜,113500.0,-1000.0,-0.87,114000.0,115500.0,113500.0,238610.0,27191765500.0,8888553875000.0,78313250.0,자연과학 및 공학 연구개발업
44,018880,한온시스템,16050.0,200.0,1.26,15950.0,16150.0,15750.0,677619.0,10826370300.0,8567490000000.0,533800000.0,일반 목적용 기계 제조업
45,030200,KT,32750.0,150.0,0.46,32800.0,33150.0,32650.0,618730.0,20316741550.0,8551411712000.0,261111808.0,전기 통신업
46,011170,롯데케미칼,248500.0,0.0,0.0,247500.0,249500.0,243000.0,96030.0,23647429000.0,8517441621500.0,34275419.0,기초 화학물질 제조업
47,009540,한국조선해양,114000.0,5500.0,5.07,109000.0,114500.0,108500.0,337682.0,37844225500.0,8068135224000.0,70773116.0,선박 및 보트 건조업
48,009830,한화솔루션,42100.0,300.0,0.72,42350.0,42650.0,41700.0,876245.0,36964400800.0,8052824723700.0,191278497.0,기초 화학물질 제조업
49,316140,우리금융지주,10950.0,150.0,1.39,10850.0,10950.0,10800.0,2122524.0,23100968700.0,7972263011550.0,728060549.0,기타 금융업
50,024110,기업은행,10200.0,100.0,0.99,10150.0,10200.0,10100.0,768807.0,7812353900.0,7591865987400.0,744300587.0,은행 및 저축기관
51,034220,LG디스플레이,20050.0,-100.0,-0.5,20250.0,20350.0,20000.0,1664142.0,33474456600.0,7174204785000.0,357815700.0,전자부품 제조업
52,004020,현대제철,53300.0,900.0,1.72,52600.0,53600.0,52500.0,534142.0,28345510900.0,7112660340500.0,133445785.0,1차 철강 제조업
53,086280,현대글로비스,180000.0,-2500.0,-1.37,182500.0,184000.0,179000.0,119061.0,21457778500.0,6750000000000.0,37500000.0,기타 운송관련 서비스업
54,011790,SKC,173500.0,8500.0,5.15,165000.0,173500.0,163500.0,720840.0,122647306500.0,6570149703000.0,37868298.0,기타 화학제품 제조업
55,097950,CJ제일제당,432500.0,-5000.0,-1.14,438000.0,438500.0,430000.0,37071.0,16021513500.0,6510935445000.0,15054186.0,기타 식품 제조업
56,032640,LG유플러스,14700.0,0.0,0.0,14750.0,14850.0,14600.0,1080256.0,15872021200.0,6418187006700.0,436611361.0,전기 통신업
57,011780,금호석유,201000.0,500.0,0.25,199500.0,202000.0,196500.0,137668.0,27523749000.0,6124005891000.0,30467691.0,기초 화학물질 제조업
58,035250,강원랜드,28050.0,400.0,1.45,27650.0,28250.0,27650.0,643008.0,17998220700.0,6001031025000.0,213940500.0,유원지 및 기타 오락관련 서비스업
59,000720,현대건설,53500.0,900.0,1.71,52600.0,53700.0,52000.0,387175.0,20472555800.0,5957533427500.0,111355765.0,토목 건설업
60,383220,F&F,773000.0,21000.0,2.79,752000.0,780000.0,747000.0,46884.0,35921306000.0,5922273795000.0,7661415.0,봉제의복 제조업
61,021240,코웨이,77600.0,300.0,0.39,77300.0,78000.0,77000.0,128978.0,9992371600.0,5726850434400.0,73799619.0,그외 기타 개인 서비스업
62,006800,미래에셋증권,8790.0,220.0,2.57,8670.0,8840.0,8630.0,1137256.0,9948481190.0,5584431226320.0,635316408.0,금융 지원 서비스업
63,161390,한국타이어앤테크놀로지,44950.0,850.0,1.93,44600.0,45200.0,44500.0,177862.0,7984188350.0,5568184351550.0,123875069.0,고무제품 제조업
64,011070,LG이노텍,230000.0,8500.0,3.84,223000.0,231000.0,222000.0,369558.0,84130192500.0,5443434610000.0,23667107.0,전자부품 제조업
65,267250,현대중공업지주,65400.0,100.0,0.15,65900.0,66200.0,64700.0,131794.0,8596926100.0,5166147759000.0,78993085.0,석유 정제품 제조업
66,138040,메리츠금융지주,38200.0,600.0,1.6,38450.0,39200.0,37750.0,258583.0,9930750850.0,5119231430800.0,134011294.0,기타 금융업
67,088980,맥쿼리인프라,12600.0,50.0,0.4,12550.0,12600.0,12550.0,847909.0,10654852650.0,5101053892200.0,404845547.0,신탁업 및 집합투자업
68,071050,한국금융지주,89100.0,1300.0,1.48,88300.0,89600.0,86900.0,270220.0,23833356100.0,4965185887200.0,55725992.0,기타 금융업
69,271560,오리온,123500.0,-500.0,-0.4,124500.0,124500.0,123000.0,53183.0,6593239500.0,4882712302000.0,39536132.0,기타 식품 제조업
70,008930,한미사이언스,71900.0,-700.0,-0.96,72200.0,73400.0,71500.0,101177.0,7306051700.0,4839201530900.0,67304611.0,기타 금융업
71,139480,이마트,170000.0,0.0,0.0,171500.0,172000.0,168500.0,129508.0,22027737000.0,4738889230000.0,27875819.0,종합 소매업
72,000100,유한양행,64300.0,700.0,1.1,63600.0,64700.0,62800.0,263456.0,16812159700.0,4499261263700.0,69972959.0,의약품 제조업
73,028050,삼성엔지니어링,22650.0,150.0,0.67,22600.0,22800.0,22300.0,1125902.0,25432352350.0,4439400000000.0,196000000.0,"건축기술, 엔지니어링 및 관련 기술 서비스업"
74,002790,아모레G,53400.0,500.0,0.95,53000.0,53500.0,52300.0,208477.0,11036800900.0,4403266812000.0,82458180.0,기타 화학제품 제조업
75,016360,삼성증권,49100.0,550.0,1.13,48600.0,49300.0,48550.0,172517.0,8443360500.0,4384630000000.0,89300000.0,금융 지원 서비스업
76,003410,쌍용C&E,8590.0,240.0,2.87,8440.0,8630.0,8410.0,2691202.0,23008598430.0,4328153921050.0,503859595.0,"시멘트, 석회, 플라스터 및 그 제품 제조업"
77,005830,DB손해보험,60400.0,300.0,0.5,60100.0,61200.0,59000.0,103591.0,6265812500.0,4276320000000.0,70800000.0,보험업
78,137310,에스디바이오센서,40950.0,-900.0,-2.15,42000.0,42500.0,40400.0,1244395.0,51869203150.0,4228961905350.0,103271353.0,의료용 기기 제조업
79,180640,한진칼,62800.0,800.0,1.29,62400.0,63900.0,62300.0,90856.0,5738536800.0,4191201224400.0,66738873.0,항공 여객 운송업
80,006280,녹십자,354000.0,-25500.0,-6.72,384000.0,387500.0,330000.0,343397.0,121608726000.0,4137034452000.0,11686538.0,의약품 제조업
81,241560,두산밥캣,41200.0,-150.0,-0.36,41250.0,41700.0,40350.0,166936.0,6857081200.0,4130265639200.0,100249166.0,특수 목적용 기계 제조업
82,002380,KCC,464500.0,16000.0,3.57,449500.0,475500.0,449000.0,89257.0,41411957000.0,4127765779500.0,8886471.0,기타 화학제품 제조업
83,010140,삼성중공업,6420.0,320.0,5.25,6150.0,6490.0,6130.0,7215337.0,45604745030.0,4044600000000.0,630000000.0,선박 및 보트 건조업
84,000060,메리츠화재,33100.0,-300.0,-0.9,33550.0,34700.0,32500.0,545769.0,18373718500.0,3992687500000.0,120625000.0,보험업
85,029780,삼성카드,33900.0,350.0,1.04,33700.0,34050.0,33550.0,100969.0,3417221800.0,3927616404900.0,115858891.0,기타 금융업
86,078930,GS,41950.0,450.0,1.08,41800.0,42000.0,41300.0,135137.0,5634434550.0,3897800107100.0,92915378.0,기타 금융업
87,000120,CJ대한통운,170000.0,500.0,0.29,169000.0,171000.0,168500.0,31484.0,5351703500.0,3878098480000.0,22812344.0,도로 화물 운송업
88,028670,팬오션,7230.0,20.0,0.28,7320.0,7320.0,7150.0,4194697.0,30278752220.0,3864937571760.0,534569512.0,해상 운송업
89,006360,GS건설,45000.0,800.0,1.81,44200.0,45200.0,43750.0,551039.0,24574181650.0,3851167050000.0,85581490.0,건물 건설업
90,005940,NH투자증권,13500.0,400.0,3.05,13100.0,13550.0,13050.0,800030.0,10674042550.0,3799019974500.0,281408887.0,금융 지원 서비스업
91,008560,메리츠증권,5480.0,-40.0,-0.72,5520.0,5520.0,5370.0,2977965.0,16182076140.0,3735883572920.0,681730579.0,금융 지원 서비스업
92,004990,롯데지주,34800.0,500.0,1.46,34300.0,34950.0,34200.0,94448.0,3271407650.0,3650841447600.0,104909237.0,기타 금융업
93,128940,한미약품,300000.0,-1000.0,-0.33,300000.0,302500.0,298000.0,19189.0,5766976000.0,3623484600000.0,12078282.0,의약품 제조업
94,014680,한솔케미칼,318500.0,12000.0,3.92,308500.0,323500.0,307000.0,74531.0,23639260500.0,3610259607500.0,11335195.0,기초 화학물질 제조업
95,019170,신풍제약,67800.0,1200.0,1.8,70500.0,70600.0,67000.0,1636444.0,112553938200.0,3592382322000.0,52984990.0,의약품 제조업
96,005387,현대차2우B,98300.0,-600.0,-0.61,98800.0,99400.0,97500.0,68081.0,6672831900.0,3586519833300.0,36485451.0,
97,007070,GS리테일,34150.0,150.0,0.44,33950.0,34250.0,33550.0,234768.0,7966771100.0,3576117036300.0,104717922.0,종합 소매업
98,020150,일진머티리얼즈,76900.0,-300.0,-0.39,77400.0,77600.0,75900.0,268920.0,20666440000.0,3545923211500.0,46110835.0,전자부품 제조업
99,285130,SK케미칼,301000.0,-2500.0,-0.82,303000.0,311000.0,298500.0,268941.0,81892935500.0,3537170196000.0,11751396.0,합성고무 및 플라스틱 물질 제조업
100,272210,한화시스템,18400.0,50.0,0.27,18400.0,18650.0,18150.0,744749.0,13677530150.0,3476116757600.0,188919389.0,전자부품 제조업
101,008770,호텔신라,88300.0,700.0,0.8,87900.0,88300.0,87300.0,178162.0,15655494900.0,3465609084300.0,39248121.0,기타 상품 전문 소매업
102,036460,한국가스공사,37500.0,500.0,1.35,37450.0,37900.0,36800.0,453592.0,17000628400.0,3461737500000.0,92313000.0,연료용 가스 제조 및 배관공급업
103,010060,OCI,142000.0,1000.0,0.71,142500.0,146000.0,140000.0,507150.0,72276141000.0,3386610682000.0,23849371.0,기초 화학물질 제조업
104,336260,두산퓨얼셀,50300.0,-1700.0,-3.27,51600.0,52300.0,50300.0,893757.0,45393893800.0,3294334417800.0,65493726.0,"전동기, 발전기 및 전기 변환 · 공급 · 제어 장치 제조업"
105,012750,에스원,86300.0,3200.0,3.85,83200.0,86400.0,83200.0,125861.0,10703391500.0,3279329061400.0,37999178.0,"경비, 경호 및 탐정업"
106,298020,효성티앤씨,756000.0,47000.0,6.63,718000.0,757000.0,716000.0,98242.0,73161015000.0,3271727592000.0,4327682.0,화학섬유 제조업
107,039490,키움증권,121500.0,4000.0,3.4,117500.0,121500.0,117000.0,100121.0,12023830500.0,3185670829500.0,26219513.0,금융 지원 서비스업
108,112610,씨에스윈드,75300.0,-1000.0,-1.31,76000.0,76700.0,74600.0,337420.0,25423441000.0,3175506645900.0,42171403.0,"구조용 금속제품, 탱크 및 증기발생기 제조업"
109,282330,BGF리테일,181000.0,1000.0,0.56,180000.0,182000.0,178500.0,12952.0,2331337000.0,3128386986000.0,17283906.0,종합 소매업
110,298050,효성첨단소재,679000.0,5000.0,0.74,669000.0,687000.0,663000.0,85522.0,57730037000.0,3041884692000.0,4479948.0,화학섬유 제조업
111,023530,롯데쇼핑,107500.0,1500.0,1.42,107000.0,108000.0,105500.0,56873.0,6085896000.0,3041041162500.0,28288755.0,종합 소매업
112,001040,CJ,104000.0,500.0,0.48,103500.0,104500.0,101500.0,87492.0,9031013000.0,3034407792000.0,29176998.0,기타 금융업
113,047810,한국항공우주,31100.0,0.0,0.0,31200.0,31300.0,30850.0,329706.0,10255675450.0,3031475827700.0,97475107.0,"항공기,우주선 및 부품 제조업"
114,307950,현대오토에버,109000.0,-500.0,-0.46,109500.0,111500.0,107500.0,71414.0,7760899500.0,2989214038000.0,27423982.0,소프트웨어 개발 및 공급업
115,042660,대우조선해양,27800.0,550.0,2.02,27700.0,28350.0,27500.0,401129.0,11146253400.0,2982680598200.0,107290669.0,선박 및 보트 건조업
116,010620,현대미포조선,73800.0,3400.0,4.83,70800.0,73900.0,70600.0,375203.0,27117914100.0,2947730596200.0,39942149.0,선박 및 보트 건조업
117,088350,한화생명,3360.0,25.0,0.75,3340.0,3380.0,3320.0,1492779.0,5002579210.0,2918260800000.0,868530000.0,보험업
118,026960,동서,29100.0,300.0,1.04,28850.0,29300.0,28800.0,61762.0,1798691500.0,2901270000000.0,99700000.0,음·식료품 및 담배 도매업
119,047040,대우건설,6980.0,70.0,1.01,6940.0,6980.0,6760.0,2489140.0,17107182590.0,2901046013240.0,415622638.0,건물 건설업
120,204320,만도,61400.0,400.0,0.66,61600.0,62200.0,60700.0,251354.0,15461845800.0,2883167168000.0,46957120.0,자동차 신품 부품 제조업
121,271940,일진하이솔루스,78900.0,300.0,0.38,78900.0,81700.0,78800.0,355371.0,28420186900.0,2865110691000.0,36313190.0,그외 기타 운송장비 제조업
122,012510,더존비즈온,94000.0,-4200.0,-4.28,98500.0,98500.0,94000.0,196946.0,18936229800.0,2852022134000.0,30340661.0,"컴퓨터 프로그래밍, 시스템 통합 및 관리업"
123,047050,포스코인터내셔널,22750.0,-100.0,-0.44,23050.0,23200.0,22200.0,985488.0,22287770700.0,2806784639750.0,123375149.0,상품 중개업
124,009240,한샘,117000.0,-6500.0,-5.26,124000.0,127000.0,115500.0,310771.0,37113837000.0,2753469576000.0,23533928.0,생활용품 도매업
125,375500,DL이앤씨,142000.0,0.0,0.0,142000.0,142500.0,139000.0,85890.0,12081212500.0,2748940796000.0,19358738.0,토목 건설업
126,081660,휠라홀딩스,45200.0,-150.0,-0.33,45450.0,45750.0,44750.0,302332.0,13616776350.0,2746000434400.0,60752222.0,생활용품 도매업
127,051915,LG화학우,357000.0,1500.0,0.42,356500.0,357000.0,352000.0,20140.0,7110229000.0,2744901600000.0,7688800.0,
128,004170,신세계,275500.0,3500.0,1.29,273500.0,276500.0,271000.0,49177.0,13490876000.0,2712347365500.0,9845181.0,종합 소매업
129,030000,제일기획,23500.0,400.0,1.73,23150.0,23700.0,22900.0,355566.0,8294857000.0,2703468787500.0,115041225.0,광고업
130,064350,현대로템,24700.0,-200.0,-0.8,24800.0,25100.0,24050.0,1536381.0,37750231000.0,2695814637100.0,109142293.0,철도장비 제조업
131,000880,한화,35450.0,300.0,0.85,35250.0,35650.0,34800.0,406273.0,14349177750.0,2657287155750.0,74958735.0,기타 화학제품 제조업
132,000990,DB하이텍,59800.0,400.0,0.67,59500.0,60300.0,58700.0,364716.0,21762605800.0,2655035562400.0,44398588.0,반도체 제조업
133,004800,효성,123000.0,2500.0,2.07,121500.0,124000.0,120500.0,93492.0,11477143500.0,2591736075000.0,21071025.0,기타 금융업
134,138930,BNK금융지주,7920.0,110.0,1.41,7850.0,7940.0,7780.0,818390.0,6441648060.0,2581407148320.0,325935246.0,기타 금융업
135,120110,코오롱인더,94900.0,2500.0,2.71,92900.0,95600.0,91500.0,471054.0,44268239900.0,2560291916000.0,26978840.0,화학섬유 제조업
136,012450,한화에어로스페이스,49800.0,50.0,0.1,49950.0,50500.0,49000.0,234746.0,11688033450.0,2521374000000.0,50630000.0,"항공기,우주선 및 부품 제조업"
137,005385,현대차우,100000.0,200.0,0.2,99800.0,100000.0,98400.0,29678.0,2941874900.0,2435668500000.0,24356685.0,
138,000080,하이트진로,34500.0,200.0,0.58,34100.0,34700.0,34100.0,185970.0,6394010000.0,2419609579500.0,70133611.0,알코올음료 제조업
139,011210,현대위아,84400.0,-3700.0,-4.2,88400.0,89300.0,83100.0,468227.0,39613772200.0,2295265005200.0,27195083.0,자동차 신품 부품 제조업
140,001450,현대해상,25300.0,150.0,0.6,25200.0,25400.0,25150.0,373938.0,9445638450.0,2261820000000.0,89400000.0,보험업
141,001440,대한전선,2605.0,15.0,0.58,2590.0,2615.0,2525.0,7920313.0,20413781010.0,2231112188445.0,856473009.0,절연선 및 케이블 제조업
142,004000,롯데정밀화학,84800.0,1900.0,2.29,84400.0,86400.0,82300.0,611220.0,51829167100.0,2187840000000.0,25800000.0,기초 화학물질 제조업
143,006260,LS,67000.0,300.0,0.45,67200.0,67800.0,66500.0,73723.0,4945100600.0,2157400000000.0,32200000.0,기타 금융업
144,003090,대웅,36300.0,400.0,1.11,36250.0,37100.0,35950.0,145532.0,5302077450.0,2110553874000.0,58141980.0,기타 금융업
145,010120,LS ELECTRIC,70200.0,200.0,0.29,70100.0,71000.0,68900.0,110677.0,7776257300.0,2106000000000.0,30000000.0,"전동기, 발전기 및 전기 변환 · 공급 · 제어 장치 제조업"
146,950210,프레스티지바이오파마,34450.0,-2750.0,-7.39,36800.0,37850.0,33200.0,1153164.0,40469203200.0,2070312539750.0,60096155.0,자연과학 및 공학 연구개발업
147,017800,현대엘리베이,49150.0,1100.0,2.29,48200.0,49250.0,47800.0,182953.0,8895634550.0,2006066637650.0,40815191.0,일반 목적용 기계 제조업
148,001230,동국제강,20350.0,-150.0,-0.73,20700.0,21100.0,20250.0,1615971.0,33253092750.0,1942056197950.0,95432737.0,1차 철강 제조업
149,069960,현대백화점,81500.0,400.0,0.49,81200.0,82400.0,81200.0,75562.0,6174192900.0,1907298941500.0,23402441.0,종합 소매업
150,336370,솔루스첨단소재,62200.0,-1000.0,-1.58,63200.0,64700.0,61900.0,330078.0,20688333700.0,1902682947600.0,30589758.0,전자부품 제조업
151,111770,영원무역,42800.0,1900.0,4.65,40900.0,42900.0,40900.0,135752.0,5734686950.0,1896530830400.0,44311468.0,상품 종합 도매업
152,294870,HDC현대산업개발,28650.0,400.0,1.42,28350.0,28750.0,27950.0,269709.0,7646440650.0,1888245004500.0,65907330.0,건물 건설업
153,007310,오뚜기,511000.0,1000.0,0.2,515000.0,515000.0,508000.0,2312.0,1181931000.0,1876382291000.0,3671981.0,기타 식품 제조업
154,069620,대웅제약,158000.0,1500.0,0.96,158000.0,160500.0,157000.0,38709.0,6138596000.0,1830678850000.0,11586575.0,의약품 제조업
155,052690,한전기술,47200.0,100.0,0.21,47050.0,48200.0,46750.0,129499.0,6135488650.0,1803984000000.0,38220000.0,"건축기술, 엔지니어링 및 관련 기술 서비스업"
156,004370,농심,293000.0,3000.0,1.03,290000.0,293500.0,289000.0,11423.0,3322573500.0,1782214106000.0,6082642.0,기타 식품 제조업
157,020560,아시아나항공,23850.0,-200.0,-0.83,24000.0,24600.0,23500.0,1470118.0,35238688600.0,1774720571400.0,74411764.0,항공 여객 운송업
158,178920,PI첨단소재,59800.0,500.0,0.84,59500.0,59900.0,58300.0,104106.0,6168379300.0,1756106055600.0,29366322.0,플라스틱제품 제조업
159,011000,진원생명과학,38800.0,100.0,0.26,40100.0,40850.0,38450.0,3341267.0,132117232250.0,1754206510400.0,45211508.0,의약품 제조업
160,093370,후성,18750.0,-450.0,-2.34,19800.0,20150.0,18350.0,6957411.0,132716891000.0,1736377856250.0,92606819.0,기초 화학물질 제조업
161,014820,동원시스템즈,67400.0,1700.0,2.59,68500.0,68500.0,65800.0,140456.0,9424872100.0,1726687641400.0,25618511.0,플라스틱제품 제조업
162,051600,한전KPS,37850.0,100.0,0.26,38050.0,38100.0,37250.0,96791.0,3652537050.0,1703250000000.0,45000000.0,전기 및 통신 공사업
163,073240,금호타이어,5890.0,160.0,2.79,5750.0,5930.0,5750.0,451919.0,2648023020.0,1691963090430.0,287260287.0,고무제품 제조업
164,300720,한일시멘트,238000.0,0.0,0.0,0.0,0.0,0.0,0.0,0.0,1648424652000.0,6926154.0,"시멘트, 석회, 플라스터 및 그 제품 제조업"
165,089860,롯데렌탈,44500.0,200.0,0.45,44600.0,45600.0,44400.0,236480.0,10608681550.0,1630215803500.0,36634063.0,운송장비 임대업
166,000240,한국앤컴퍼니,16850.0,300.0,1.81,16650.0,17050.0,16350.0,193512.0,3236072250.0,1599658794000.0,94935240.0,기타 금융업
167,042700,한미반도체,32250.0,150.0,0.47,32150.0,32500.0,31850.0,238833.0,7679268300.0,1595081033250.0,49459877.0,특수 목적용 기계 제조업
168,175330,JB금융지주,8040.0,170.0,2.16,7900.0,8050.0,7850.0,491499.0,3903839160.0,1583742467760.0,196982894.0,기타 금융업
169,009900,명신산업,29900.0,-600.0,-1.97,30400.0,30500.0,29900.0,597694.0,17961468100.0,1568856976700.0,52470133.0,자동차 신품 부품 제조업
170,139130,DGB금융지주,9230.0,220.0,2.44,9050.0,9280.0,9030.0,597146.0,5477000850.0,1561216038590.0,169145833.0,기타 금융업
171,010780,아이에스동서,50500.0,1300.0,2.64,49250.0,50800.0,49250.0,41561.0,2080785750.0,1560076603000.0,30892606.0,"내화, 비내화 요업제품 제조업"
172,003000,부광약품,21350.0,-250.0,-1.16,22000.0,22250.0,21300.0,1056400.0,22928231700.0,1517196096150.0,71063049.0,의약품 제조업
173,005250,녹십자홀딩스,32150.0,-1000.0,-3.02,33250.0,33600.0,31100.0,176957.0,5725135550.0,1511956951500.0,47028210.0,회사 본부 및 경영 컨설팅 서비스업
174,248070,솔루엠,30150.0,750.0,2.55,29450.0,30350.0,29350.0,1154969.0,34725266300.0,1507667362650.0,50005551.0,전자부품 제조업
175,006650,대한유화,231500.0,9500.0,4.28,224000.0,233500.0,220500.0,75996.0,17305964000.0,1504750000000.0,6500000.0,기초 화학물질 제조업
176,000150,두산,90800.0,900.0,1.0,89900.0,91500.0,88500.0,61377.0,5549536500.0,1500364218000.0,16523835.0,회사 본부 및 경영 컨설팅 서비스업
177,192820,코스맥스,132000.0,5500.0,4.35,128500.0,133000.0,126500.0,93254.0,12179635500.0,1498135188000.0,11349509.0,기타 화학제품 제조업
178,007700,F&F홀딩스,38200.0,0.0,0.0,38200.0,38850.0,37650.0,129933.0,4976995900.0,1494168819400.0,39114367.0,봉제의복 제조업
179,000210,DL,71200.0,1500.0,2.15,69600.0,71200.0,69400.0,61777.0,4335466400.0,1492058940800.0,20955884.0,기타 금융업
180,016380,KG동부제철,14700.0,-100.0,-0.68,14900.0,15100.0,14600.0,260475.0,3851418800.0,1470130785900.0,100008897.0,1차 철강 제조업
181,185750,종근당,126500.0,500.0,0.4,126500.0,127000.0,125000.0,17864.0,2255121500.0,1445401523500.0,11426099.0,의약품 제조업
182,031430,신세계인터내셔날,199500.0,7000.0,3.64,194500.0,199500.0,192500.0,25326.0,4996532500.0,1424430000000.0,7140000.0,"섬유, 의복, 신발 및 가죽제품 소매업"
183,005070,코스모신소재,47250.0,2000.0,4.42,45350.0,47850.0,44450.0,1610347.0,75350982600.0,1421605505250.0,30086889.0,기타 화학제품 제조업
184,018670,SK가스,152500.0,14000.0,10.11,139500.0,155000.0,139000.0,107909.0,16032050500.0,1407612210000.0,9230244.0,기타 전문 도매업
185,051905,LG생활건강우,667000.0,-3000.0,-0.45,670000.0,675000.0,666000.0,3023.0,2023265000.0,1400497899000.0,2099697.0,
186,005300,롯데칠성,149000.0,5000.0,3.47,144500.0,150000.0,144500.0,37016.0,5492586000.0,1382553716000.0,9278884.0,비알코올음료 및 얼음 제조업
187,005850,에스엘,28550.0,-450.0,-1.55,28900.0,29300.0,27800.0,172475.0,4909435500.0,1376203558350.0,48203277.0,자동차 신품 부품 제조업
188,032350,롯데관광개발,19800.0,400.0,2.06,19400.0,20150.0,19400.0,576947.0,11454272200.0,1371658107600.0,69275662.0,여행사 및 기타 여행보조 서비스업
189,330590,롯데리츠,5640.0,50.0,0.89,5610.0,5640.0,5550.0,347902.0,1946933100.0,1370344505760.0,242968884.0,부동산 임대 및 공급업
190,001740,SK네트웍스,5450.0,-10.0,-0.18,5450.0,5510.0,5410.0,390198.0,2128323090.0,1352622676150.0,248187647.0,기타 전문 도매업
191,181710,NHN,68200.0,-200.0,-0.29,68400.0,69200.0,67900.0,36681.0,2511213800.0,1334334705000.0,19565025.0,소프트웨어 개발 및 공급업
192,000670,영풍,719000.0,9000.0,1.27,711000.0,723000.0,701000.0,1990.0,1418873000.0,1324426760000.0,1842040.0,1차 비철금속 제조업
193,003240,태광산업,1154000.0,41000.0,3.68,1113000.0,1154000.0,1104000.0,723.0,819066000.0,1284863600000.0,1113400.0,화학섬유 제조업
194,004490,세방전지,91500.0,-1300.0,-1.4,93200.0,94800.0,90600.0,195156.0,18064917300.0,1281000000000.0,14000000.0,일차전지 및 축전지 제조업
195,013890,지누스,81000.0,1900.0,2.4,79200.0,81000.0,78100.0,38573.0,3095717500.0,1279836450000.0,15800450.0,가구 제조업
196,298000,효성화학,395500.0,-1000.0,-0.25,405500.0,405500.0,391500.0,59347.0,23614041000.0,1261694833000.0,3190126.0,기초 화학물질 제조업
197,003580,넥스트사이언스,30100.0,-900.0,-2.9,31150.0,31150.0,29200.0,1165728.0,35443085450.0,1254141693700.0,41665837.0,기타 비금속광물 광업
198,009420,한올바이오파마,23500.0,50.0,0.21,23600.0,23800.0,22850.0,358476.0,8392065450.0,1227654993000.0,52240638.0,의약품 제조업
199,014830,유니드,138000.0,0.0,0.0,136500.0,140500.0,135500.0,157267.0,21688974000.0,1226798334000.0,8889843.0,기초 화학물질 제조업
200,066575,LG전자우,71000.0,800.0,1.14,70400.0,73400.0,70300.0,98337.0,7077236500.0,1220205432000.0,17185992.0,
201,344820,KCC글라스,76100.0,-1100.0,-1.42,76200.0,78000.0,74700.0,84994.0,6467672800.0,1215355963200.0,15970512.0,유리 및 유리제품 제조업
202,214320,이노션,59600.0,900.0,1.53,59300.0,60400.0,58800.0,40520.0,2403265300.0,1192000000000.0,20000000.0,광고업
203,023590,다우기술,26300.0,350.0,1.35,25950.0,26300.0,25850.0,45435.0,1186684500.0,1179992027100.0,44866617.0,"자료처리, 호스팅, 포털 및 기타 인터넷 정보매개 서비스업"
204,363280,티와이홀딩스,29050.0,-650.0,-2.19,29550.0,29550.0,28900.0,59409.0,1732532950.0,1166985415750.0,40171615.0,기타 금융업
205,079160,CJ CGV,31200.0,600.0,1.96,30600.0,31600.0,30600.0,343215.0,10691613350.0,1157031345600.0,37084338.0,"영화, 비디오물, 방송프로그램 제작 및 배급업"
206,039130,하나투어,81800.0,1500.0,1.87,80700.0,83000.0,80500.0,120831.0,9892134200.0,1140225333000.0,13939185.0,여행사 및 기타 여행보조 서비스업
207,079550,LIG넥스원,51300.0,500.0,0.98,50800.0,52300.0,50800.0,107731.0,5535970700.0,1128600000000.0,22000000.0,무기 및 총포탄 제조업
208,000070,삼양홀딩스,131500.0,6500.0,5.2,127000.0,132500.0,125000.0,84399.0,10938603000.0,1126201636500.0,8564271.0,기타 금융업
209,003850,보령제약,16350.0,50.0,0.31,16150.0,16450.0,16150.0,283844.0,4617630300.0,1123081500000.0,68690000.0,의약품 제조업
210,003690,코리안리,9310.0,-40.0,-0.43,9310.0,9350.0,9270.0,133170.0,1239461790.0,1120636469960.0,120369116.0,재 보험업
211,069260,휴켐스,27150.0,250.0,0.93,27100.0,27500.0,26750.0,619518.0,16809016750.0,1109853664200.0,40878588.0,기타 화학제품 제조업
212,161890,한국콜마,47500.0,700.0,1.5,46450.0,47600.0,46450.0,87761.0,4134389200.0,1086856050000.0,22881180.0,기타 화학제품 제조업
213,001120,LX인터내셔널,27850.0,250.0,0.91,27850.0,28100.0,27150.0,102606.0,2848924950.0,1079466000000.0,38760000.0,상품 중개업
214,082640,동양생명,6630.0,350.0,5.57,6290.0,6710.0,6160.0,1886928.0,12244809790.0,1069807418550.0,161358585.0,보험업
215,192080,더블유게임즈,58000.0,500.0,0.87,58000.0,58600.0,57500.0,45912.0,2663129500.0,1065721116000.0,18374502.0,소프트웨어 개발 및 공급업
216,003530,한화투자증권,4960.0,120.0,2.48,4800.0,4960.0,4800.0,1699693.0,8355219425.0,1064156964000.0,214547775.0,금융 지원 서비스업
217,001430,세아베스틸,29300.0,500.0,1.74,28850.0,29550.0,28300.0,147768.0,4291234950.0,1050760086700.0,35862119.0,1차 철강 제조업
218,241590,화승엔터프라이즈,17100.0,800.0,4.91,16250.0,17250.0,16250.0,435929.0,7376489550.0,1035760765500.0,60570805.0,신발 및 신발 부분품 제조업
219,002840,미원상사,206000.0,500.0,0.24,205500.0,206000.0,203500.0,1500.0,306998500.0,1023820000000.0,4970000.0,기타 화학제품 제조업
220,003540,대신증권,20100.0,500.0,2.55,19650.0,20150.0,19550.0,230870.0,4605133150.0,1020545340000.0,50773400.0,금융 지원 서비스업
221,001800,오리온홀딩스,16200.0,500.0,3.18,15850.0,16200.0,15750.0,135934.0,2179661100.0,1014855836400.0,62645422.0,기타 금융업
222,102460,이연제약,55900.0,-300.0,-0.53,56200.0,57100.0,55100.0,244925.0,13710876400.0,1006120454300.0,17998577.0,의약품 제조업
223,020000,한섬,40700.0,350.0,0.87,40700.0,40950.0,40200.0,36716.0,1490516650.0,1002441000000.0,24630000.0,봉제의복 제조업
224,003520,영진약품,5400.0,30.0,0.56,5380.0,5500.0,5370.0,378968.0,2057338200.0,987620747400.0,182892731.0,의약품 제조업
225,114090,GKL,15950.0,200.0,1.27,15800.0,16150.0,15750.0,218329.0,3487501600.0,986597936500.0,61855670.0,유원지 및 기타 오락관련 서비스업
226,145720,덴티움,89000.0,-1400.0,-1.55,90600.0,91500.0,87800.0,62509.0,5596370100.0,985125870000.0,11068830.0,의료용 기기 제조업
227,034120,SBS,53900.0,300.0,0.56,54500.0,54900.0,52600.0,139025.0,7467538200.0,983814169800.0,18252582.0,텔레비전 방송업
228,103140,풍산,34800.0,250.0,0.72,34750.0,34900.0,34200.0,127887.0,4423311750.0,975244874400.0,28024278.0,1차 비철금속 제조업
229,005440,현대그린푸드,9950.0,340.0,3.54,9620.0,9950.0,9620.0,300837.0,2964024060.0,972159595900.0,97704482.0,종합 소매업
230,272450,진에어,21600.0,0.0,0.0,21600.0,22200.0,21400.0,180122.0,3923982800.0,972000000000.0,45000000.0,항공 여객 운송업
231,268280,미원에스씨,187000.0,1000.0,0.54,186000.0,187500.0,185000.0,2378.0,443223000.0,953700000000.0,5100000.0,기초 화학물질 제조업
232,365550,ESR켄달스퀘어리츠,6650.0,-110.0,-1.63,6690.0,6800.0,6630.0,161921.0,1084168450.0,952672350000.0,143259000.0,부동산 임대 및 공급업
233,267270,현대건설기계,47900.0,350.0,0.74,47550.0,48000.0,46450.0,45312.0,2152255500.0,943667984700.0,19700793.0,일반 목적용 기계 제조업
234,006120,SK디스커버리,49300.0,300.0,0.61,49200.0,50200.0,48950.0,136820.0,6784563650.0,938566251500.0,19037855.0,기타 금융업
235,005690,파미셀,15650.0,-350.0,-2.19,16000.0,16100.0,15350.0,727530.0,11410620950.0,938357567500.0,59958950.0,기초 의약물질 및 생물학적 제제 제조업
236,267260,현대일렉트릭,25750.0,-500.0,-1.9,26200.0,26550.0,25250.0,391984.0,10073505300.0,928213726250.0,36047135.0,"전동기, 발전기 및 전기 변환 · 공급 · 제어 장치 제조업"
237,284740,쿠쿠홈시스,41150.0,900.0,2.24,40250.0,41150.0,39750.0,39835.0,1608094550.0,923296129500.0,22437330.0,개인 및 가정용품 임대업
238,105630,한세실업,22800.0,950.0,4.35,22100.0,22850.0,21700.0,638220.0,14367921700.0,912000000000.0,40000000.0,봉제의복 제조업
239,005880,대한해운,2850.0,5.0,0.18,2855.0,2860.0,2805.0,780503.0,2212555785.0,909655761000.0,319177460.0,해상 운송업
240,009450,경동나비엔,66400.0,-1100.0,-1.63,67000.0,67900.0,66400.0,41261.0,2755188800.0,903354072000.0,13604730.0,가정용 기기 제조업
241,001530,DI동일,354500.0,500.0,0.14,354000.0,363000.0,351000.0,25808.0,9164824000.0,890027197500.0,2510655.0,상품 중개업
242,057050,현대홈쇼핑,74000.0,1400.0,1.93,73800.0,74800.0,72800.0,24362.0,1794026400.0,888000000000.0,12000000.0,무점포 소매업
243,006040,동원산업,241000.0,-500.0,-0.21,241500.0,244000.0,240000.0,1658.0,400126500.0,886311481000.0,3677641.0,어로 어업
244,348950,제이알글로벌리츠,5310.0,0.0,0.0,5310.0,5320.0,5300.0,487776.0,2588216600.0,879336000000.0,165600000.0,부동산 임대 및 공급업
245,042670,두산인프라코어,11050.0,-150.0,-1.34,11200.0,11400.0,10950.0,1900964.0,20870334400.0,878717403850.0,79521937.0,특수 목적용 기계 제조업
246,353200,대덕전자,17650.0,-200.0,-1.12,17900.0,18150.0,17500.0,719718.0,12784469450.0,872208726250.0,49416925.0,전자부품 제조업
247,001680,대상,24850.0,400.0,1.64,24450.0,24900.0,24450.0,114328.0,2824523150.0,861003421250.0,34648025.0,기타 식품 제조업
248,003470,유안타증권,4285.0,20.0,0.47,4265.0,4285.0,4220.0,173293.0,738188080.0,855271328160.0,199596576.0,금융 지원 서비스업
249,280360,롯데제과,132000.0,1500.0,1.15,131000.0,133000.0,131000.0,2904.0,382294500.0,847006644000.0,6416717.0,기타 식품 제조업
250,192400,쿠쿠홀딩스,23650.0,100.0,0.42,23500.0,23900.0,23100.0,16318.0,381963350.0,841045675250.0,35562185.0,기타 금융업
251,210980,SK디앤디,37750.0,100.0,0.27,37650.0,38000.0,37250.0,37769.0,1421568000.0,837678691000.0,22190164.0,부동산 임대 및 공급업
252,033270,유나이티드제약,51400.0,200.0,0.39,51600.0,51700.0,50400.0,93040.0,4748762800.0,834983850800.0,16244822.0,의약품 제조업
253,085620,미래에셋생명,4710.0,-40.0,-0.84,4810.0,4820.0,4655.0,215476.0,1024244515.0,833746250190.0,177016189.0,보험업
254,025540,한국단자,79900.0,1100.0,1.4,78600.0,79900.0,76900.0,41034.0,3207798600.0,832158500000.0,10415000.0,"전동기, 발전기 및 전기 변환 · 공급 · 제어 장치 제조업"
255,089590,제주항공,21350.0,350.0,1.67,21000.0,23050.0,19600.0,476724.0,10311147650.0,821966780250.0,38499615.0,항공 여객 운송업
256,007690,국도화학,90600.0,1900.0,2.14,90000.0,92600.0,89400.0,286702.0,26080328300.0,816361809600.0,9010616.0,기초 화학물질 제조업
257,097520,엠씨넥스,44700.0,350.0,0.79,44000.0,45150.0,44000.0,53350.0,2377839250.0,802690505400.0,17957282.0,영상 및 음향기기 제조업
258,036420,제이콘텐트리,45450.0,1600.0,3.65,43850.0,45500.0,43000.0,109689.0,4899142550.0,801776450700.0,17640846.0,"영화, 비디오물, 방송프로그램 제작 및 배급업"
259,049770,동원F&B,206500.0,5000.0,2.48,202000.0,206500.0,198000.0,6990.0,1426541000.0,796909106000.0,3859124.0,기타 식품 제조업
260,010050,우리종금,910.0,1.0,0.11,911.0,919.0,905.0,2898519.0,2640625025.0,795525099460.0,874203406.0,기타 금융업
261,064960,SNT모티브,54400.0,400.0,0.74,54000.0,54900.0,53500.0,25055.0,1361106500.0,795498598400.0,14623136.0,자동차 신품 부품 제조업
262,097230,한진중공업,9500.0,-200.0,-2.06,9440.0,9600.0,9200.0,259467.0,2450242010.0,791105669500.0,83274281.0,토목 건설업
263,002350,넥센타이어,8060.0,150.0,1.9,7950.0,8090.0,7870.0,115381.0,922044350.0,787203088620.0,97667877.0,고무제품 제조업
264,017390,서울가스,155000.0,1500.0,0.98,154000.0,156000.0,153000.0,4116.0,636300500.0,775000000000.0,5000000.0,연료용 가스 제조 및 배관공급업
265,090435,아모레퍼시픽우,73300.0,-700.0,-0.95,73900.0,74600.0,73000.0,31505.0,2320830100.0,773888939000.0,10557830.0,
266,383800,LX홀딩스,10050.0,50.0,0.5,10000.0,10100.0,9990.0,142437.0,1428324170.0,766620934500.0,76280690.0,기타 금융업
267,000640,동아쏘시오홀딩스,120500.0,3000.0,2.55,117500.0,121000.0,117000.0,26213.0,3135328500.0,764874473000.0,6347506.0,기타 금융업
268,108670,LX하우시스,85000.0,-5300.0,-5.87,89400.0,91000.0,84400.0,204733.0,17729208000.0,762251950000.0,8967670.0,플라스틱제품 제조업
269,192650,드림텍,11550.0,0.0,0.0,11500.0,11850.0,11450.0,330473.0,3848166900.0,754137280050.0,65293271.0,전자부품 제조업
270,003070,코오롱글로벌,29100.0,1800.0,6.59,27200.0,31500.0,26750.0,2133978.0,63017724600.0,733623745800.0,25210438.0,토목 건설업
271,071840,롯데하이마트,30700.0,250.0,0.82,30750.0,31200.0,30400.0,96815.0,2965837600.0,724756758400.0,23607712.0,가전제품 및 정보통신장비 소매업
272,298040,효성중공업,76700.0,-800.0,-1.03,77500.0,78200.0,75400.0,111654.0,8552551200.0,715192831600.0,9324548.0,"전동기, 발전기 및 전기 변환 · 공급 · 제어 장치 제조업"
273,001880,DL건설,32200.0,300.0,0.94,31750.0,32350.0,31400.0,31115.0,992791050.0,710115744800.0,22053284.0,건물 건설업
274,145990,삼양사,68500.0,200.0,0.29,67500.0,68800.0,66900.0,29756.0,2014700900.0,706471256500.0,10313449.0,기타 식품 제조업
275,005610,SPC삼립,81200.0,1500.0,1.88,79700.0,81200.0,79700.0,7399.0,595893800.0,700675530800.0,8629009.0,기타 식품 제조업
276,005090,SGC에너지,46800.0,1350.0,2.97,45250.0,46950.0,45200.0,44471.0,2051313450.0,686883787200.0,14677004.0,전기업
277,012630,HDC,11450.0,0.0,0.0,11500.0,11550.0,11300.0,134208.0,1529897950.0,684042705450.0,59741721.0,기타 금융업
278,034310,NICE,17850.0,-250.0,-1.38,18200.0,18200.0,17750.0,63815.0,1140160350.0,676199055000.0,37882300.0,회사 본부 및 경영 컨설팅 서비스업
279,001820,삼화콘덴서,64500.0,0.0,0.0,64100.0,64900.0,63500.0,100908.0,6481873100.0,670477500000.0,10395000.0,전자부품 제조업
280,006405,삼성SDI우,410500.0,0.0,0.0,410000.0,412500.0,407500.0,4664.0,1913434000.0,664146308000.0,1617896.0,
281,015350,부산가스,60300.0,200.0,0.33,60700.0,60700.0,59800.0,2065.0,124133500.0,663300000000.0,11000000.0,연료용 가스 제조 및 배관공급업
282,195870,해성디에스,38950.0,300.0,0.78,39050.0,39400.0,38500.0,94409.0,3664619350.0,662150000000.0,17000000.0,전자부품 제조업
283,170900,동아에스티,77800.0,-700.0,-0.89,78500.0,79000.0,77500.0,14513.0,1130249300.0,656932930400.0,8443868.0,의약품 제조업
284,00680K,미래에셋증권2우B,4680.0,40.0,0.86,4665.0,4695.0,4635.0,277360.0,1294957740.0,655200000000.0,140000000.0,
285,007570,일양약품,34300.0,300.0,0.88,33900.0,34550.0,33600.0,79441.0,2705574700.0,654638275200.0,19085664.0,의약품 제조업
286,017810,풀무원,16950.0,-100.0,-0.59,16950.0,17150.0,16850.0,53583.0,908210050.0,646143186900.0,38120542.0,기타 식품 제조업
287,018250,애경산업,24300.0,750.0,3.18,23550.0,24450.0,23550.0,73993.0,1783131200.0,641761420500.0,26409935.0,기타 화학제품 제조업
288,009970,영원무역홀딩스,46750.0,550.0,1.19,46200.0,46950.0,46100.0,6196.0,288576700.0,637463926000.0,13635592.0,기타 금융업
289,081000,일진다이아,44800.0,-1200.0,-2.61,46000.0,46450.0,44650.0,241625.0,10884947750.0,636293280000.0,14202975.0,기타 화학제품 제조업
290,016710,대성홀딩스,39500.0,150.0,0.38,39350.0,39600.0,39000.0,26423.0,1035292050.0,635533630500.0,16089459.0,회사 본부 및 경영 컨설팅 서비스업
291,002240,고려제강,27350.0,1350.0,5.19,26150.0,28100.0,26150.0,99033.0,2683285900.0,629050000000.0,23000000.0,1차 철강 제조업
292,115390,락앤락,11850.0,250.0,2.16,11700.0,12300.0,11600.0,329660.0,3945715250.0,628140510300.0,53007638.0,플라스틱제품 제조업
293,008490,서흥,54200.0,300.0,0.56,54000.0,54800.0,53400.0,19662.0,1064814800.0,627045924600.0,11569113.0,기타 화학제품 제조업
294,139990,아주스틸,23650.0,-900.0,-3.67,24550.0,25000.0,23500.0,308848.0,7389033200.0,625594269850.0,26452189.0,1차 철강 제조업
295,003230,삼양식품,81900.0,1400.0,1.74,80800.0,81900.0,80500.0,13690.0,1110695800.0,616953928500.0,7533015.0,기타 식품 제조업
296,034830,한국토지신탁,2435.0,0.0,0.0,2410.0,2460.0,2405.0,845168.0,2056208150.0,614811275050.0,252489230.0,신탁업 및 집합투자업
297,068400,SK렌터카,12850.0,50.0,0.39,12800.0,13000.0,12700.0,43501.0,558975050.0,607623044000.0,47285840.0,운송장비 임대업
298,037560,LG헬로비전,7840.0,-260.0,-3.21,8260.0,8270.0,7810.0,1775795.0,14158664900.0,607183421600.0,77446865.0,텔레비전 방송업
299,006390,한일현대시멘트,34100.0,-200.0,-0.58,34300.0,34600.0,33550.0,12401.0,421539050.0,606111643500.0,17774535.0,"시멘트, 석회, 플라스터 및 그 제품 제조업"
300,027410,BGF,6320.0,-10.0,-0.16,6280.0,6420.0,6280.0,136742.0,867702990.0,604930119120.0,95716791.0,기타 금융업
301,026890,디피씨,14400.0,-100.0,-0.69,14500.0,14600.0,14350.0,383336.0,5535309600.0,600165720000.0,41678175.0,"전동기, 발전기 및 전기 변환 · 공급 · 제어 장치 제조업"
302,183190,아세아시멘트,154000.0,-500.0,-0.32,153500.0,156000.0,148000.0,21964.0,3354444000.0,599954586000.0,3895809.0,"시멘트, 석회, 플라스터 및 그 제품 제조업"
303,001720,신영증권,62400.0,-100.0,-0.16,62500.0,62900.0,62000.0,2728.0,169963800.0,585701188800.0,9386237.0,금융 지원 서비스업
304,006490,인스코비,5380.0,-670.0,-11.07,6050.0,6220.0,5220.0,11105174.0,62329374000.0,585098806500.0,108754425.0,전기 통신업
305,002320,한진,39000.0,-600.0,-1.52,39400.0,39550.0,38900.0,39467.0,1543583150.0,582957492000.0,14947628.0,도로 화물 운송업
306,001060,JW중외제약,26950.0,150.0,0.56,26800.0,27050.0,26600.0,76188.0,2040209950.0,580501005700.0,21539926.0,의약품 제조업
307,138250,엔에스쇼핑,17200.0,-100.0,-0.58,17300.0,17350.0,16700.0,173986.0,2968395900.0,579571200000.0,33696000.0,무점포 소매업
308,286940,롯데정보통신,37300.0,-600.0,-1.58,37900.0,38000.0,37050.0,39158.0,1464406150.0,574283146300.0,15396331.0,"컴퓨터 프로그래밍, 시스템 통합 및 관리업"
309,084010,대한제강,23300.0,-1050.0,-4.31,24150.0,24550.0,22800.0,465219.0,10880641200.0,574268902200.0,24646734.0,1차 철강 제조업
310,002020,코오롱,45250.0,9350.0,26.04,36050.0,46650.0,36050.0,3800508.0,163018909650.0,571345776500.0,12626426.0,기타 금융업
311,271980,제일약품,38700.0,0.0,0.0,38900.0,39200.0,38350.0,22793.0,882700000.0,569078546400.0,14704872.0,의약품 제조업
312,005390,신성통상,3930.0,80.0,2.08,3850.0,3965.0,3775.0,995447.0,3880731925.0,564773972700.0,143708390.0,기타 전문 도매업
313,000400,롯데손해보험,1810.0,10.0,0.56,1795.0,1810.0,1775.0,219401.0,394001875.0,561708739200.0,310336320.0,보험업
314,123890,한국자산신탁,4455.0,20.0,0.45,4435.0,4470.0,4425.0,88883.0,395065365.0,552320885160.0,123977752.0,신탁업 및 집합투자업
315,005180,빙그레,56000.0,300.0,0.54,55600.0,56000.0,55400.0,21128.0,1173816000.0,551669496000.0,9851241.0,낙농제품 및 식용빙과류 제조업
316,000815,삼성화재우,172500.0,1000.0,0.58,172000.0,173000.0,171000.0,5823.0,1002737000.0,550620000000.0,3192000.0,
317,030610,교보증권,8490.0,70.0,0.83,8380.0,8500.0,8370.0,41932.0,353601470.0,548906483040.0,64653296.0,금융 지원 서비스업
318,093050,LF,18750.0,250.0,1.35,18500.0,18800.0,18300.0,96706.0,1797870000.0,548250000000.0,29240000.0,봉제의복 제조업
319,226320,잇츠한불,24900.0,700.0,2.89,24150.0,24900.0,24000.0,43431.0,1065500150.0,546039943500.0,21929315.0,기타 화학제품 제조업
320,009160,SIMPAC,8300.0,-550.0,-6.21,8800.0,8880.0,8300.0,950272.0,8107184590.0,543064982800.0,65429516.0,특수 목적용 기계 제조업
321,003030,세아제강지주,129500.0,-4500.0,-3.36,131500.0,132000.0,127500.0,19438.0,2508888000.0,536344581500.0,4141657.0,기타 금융업
322,000370,한화손해보험,4590.0,65.0,1.44,4515.0,4595.0,4430.0,472260.0,2144893645.0,535831619850.0,116738915.0,보험업
323,126560,현대퓨처넷,4740.0,70.0,1.5,4690.0,4850.0,4680.0,1321723.0,6307019295.0,535035065040.0,112876596.0,텔레비전 방송업
324,025860,남해화학,10600.0,250.0,2.42,10450.0,10700.0,10300.0,394770.0,4157276650.0,526595735800.0,49678843.0,"비료, 농약 및 살균, 살충제 제조업"
325,281820,케이씨텍,25150.0,650.0,2.65,24650.0,25400.0,24350.0,56966.0,1414370700.0,524668133400.0,20861556.0,"측정, 시험, 항해, 제어 및 기타 정밀기기 제조업; 광학기기 제외"
326,020120,키다리스튜디오,15700.0,0.0,0.0,15600.0,16100.0,15500.0,441904.0,6980276750.0,520326762400.0,33141832.0,"자료처리, 호스팅, 포털 및 기타 인터넷 정보매개 서비스업"
327,011930,신성이엔지,2540.0,-75.0,-2.87,2620.0,2655.0,2540.0,1605122.0,4144227910.0,518119791800.0,203984170.0,반도체 제조업
328,005420,코스모화학,18500.0,-300.0,-1.6,18700.0,19350.0,18450.0,1169388.0,22125243900.0,513695771500.0,27767339.0,기타 화학제품 제조업
329,339770,교촌에프앤비,20450.0,0.0,0.0,20500.0,20550.0,20150.0,95283.0,1938960550.0,510892943000.0,24982540.0,음·식료품 및 담배 도매업
330,008730,율촌화학,20550.0,-200.0,-0.96,20750.0,20900.0,20350.0,42413.0,872785450.0,509640000000.0,24800000.0,플라스틱제품 제조업
331,053210,스카이라이프,10650.0,100.0,0.95,10550.0,10750.0,10450.0,76341.0,808957300.0,509303937900.0,47821966.0,텔레비전 방송업
332,002270,롯데푸드,416500.0,500.0,0.12,419000.0,419000.0,414000.0,742.0,309200500.0,503571407500.0,1209055.0,낙농제품 및 식용빙과류 제조업
333,104700,한국철강,10700.0,-100.0,-0.93,10800.0,10950.0,10600.0,159673.0,1715233100.0,492735000000.0,46050000.0,1차 철강 제조업
334,161000,애경유화,15350.0,300.0,1.99,15000.0,15600.0,14750.0,2881080.0,43994629500.0,491814000000.0,32040000.0,기초 화학물질 제조업
335,060980,한라홀딩스,46650.0,100.0,0.21,45950.0,46950.0,45950.0,151021.0,7012831250.0,488522065500.0,10472070.0,기타 금융업
336,017960,한국카본,11000.0,100.0,0.92,10900.0,11050.0,10800.0,161893.0,1771539800.0,483568327000.0,43960757.0,"구조용 금속제품, 탱크 및 증기발생기 제조업"
337,001390,KG케미칼,34750.0,-250.0,-0.71,35200.0,35250.0,34450.0,81991.0,2858376450.0,481846836000.0,13866096.0,기초 화학물질 제조업
338,071320,지역난방공사,41450.0,850.0,2.09,41000.0,41650.0,40450.0,7375.0,302383500.0,479938938800.0,11578744.0,"증기, 냉·온수 및 공기조절 공급업"
339,007340,디티알오토모티브,47950.0,1550.0,3.34,46500.0,48350.0,46150.0,35420.0,1688910900.0,479212539750.0,9994005.0,일차전지 및 축전지 제조업
340,003545,대신증권우,18400.0,400.0,2.22,18050.0,18550.0,18000.0,144586.0,2648670000.0,478400000000.0,26000000.0,
341,001360,삼성제약,7110.0,-30.0,-0.42,7140.0,7240.0,7100.0,408741.0,2926432720.0,477522381690.0,67162079.0,의약품 제조업
342,138490,코오롱플라스틱,12550.0,500.0,4.15,12300.0,12650.0,12100.0,1502323.0,18699813900.0,476900000000.0,38000000.0,합성고무 및 플라스틱 물질 제조업
343,002990,금호건설,12900.0,50.0,0.39,12800.0,13000.0,12700.0,193911.0,2491109900.0,472577619600.0,36633924.0,건물 건설업
344,037270,YG PLUS,7400.0,-40.0,-0.54,7520.0,7520.0,7070.0,1044484.0,7606673210.0,469377634000.0,63429410.0,"자료처리, 호스팅, 포털 및 기타 인터넷 정보매개 서비스업"
345,004430,송원산업,19450.0,200.0,1.04,19250.0,19800.0,19250.0,354802.0,6939216600.0,466800000000.0,24000000.0,기타 화학제품 제조업
346,009410,태영건설,12000.0,200.0,1.69,12000.0,12000.0,11750.0,36390.0,431913900.0,466789176000.0,38899098.0,토목 건설업
347,058650,세아홀딩스,116000.0,500.0,0.43,116500.0,120000.0,114000.0,2538.0,294286000.0,464000000000.0,4000000.0,1차 철강 제조업
348,002310,아세아제지,51200.0,800.0,1.59,50200.0,51300.0,49900.0,41252.0,2087038250.0,458572902400.0,8956502.0,"골판지, 종이 상자 및 종이용기 제조업"
349,130660,한전산업,14050.0,-600.0,-4.1,14700.0,15150.0,13950.0,1996255.0,28601923700.0,458030000000.0,32600000.0,"건축기술, 엔지니어링 및 관련 기술 서비스업"
350,033180,KH 필룩스,3330.0,45.0,1.37,3260.0,3385.0,3260.0,1048638.0,3504781620.0,455311779120.0,136730264.0,전자부품 제조업
351,001630,종근당홀딩스,90800.0,300.0,0.33,91200.0,91200.0,89500.0,12256.0,1106282900.0,454895378800.0,5009861.0,의약품 제조업
352,272550,삼양패키징,31850.0,-650.0,-2.0,32250.0,32500.0,31500.0,22552.0,718538150.0,452582257400.0,14209804.0,플라스틱제품 제조업
353,001725,신영증권우,63900.0,100.0,0.16,64000.0,64000.0,63200.0,1225.0,78164200.0,450735455700.0,7053763.0,
354,016800,퍼시스,38900.0,350.0,0.91,38600.0,39150.0,38200.0,1812.0,70084600.0,447350000000.0,11500000.0,가구 제조업
355,024720,한국콜마홀딩스,23800.0,200.0,0.85,23600.0,23850.0,23350.0,37604.0,886825400.0,442125912200.0,18576719.0,기타 금융업
356,035510,신세계 I&C,256500.0,-2500.0,-0.97,260000.0,263500.0,253000.0,24835.0,6407537000.0,441180000000.0,1720000.0,"컴퓨터 프로그래밍, 시스템 통합 및 관리업"
357,001510,SK증권,928.0,3.0,0.32,925.0,931.0,913.0,1733149.0,1599386901.0,438563678688.0,472590171.0,금융 지원 서비스업
358,009290,광동제약,8340.0,-30.0,-0.36,8570.0,8570.0,8300.0,441172.0,3721342890.0,437189897340.0,52420851.0,의약품 제조업
359,094800,맵스리얼티1,4690.0,20.0,0.43,4715.0,4715.0,4670.0,10898.0,51089275.0,435393012390.0,92834331.0,신탁업 및 집합투자업
360,003060,에이프로젠제약,1090.0,5.0,0.46,1075.0,1110.0,1075.0,632769.0,691405755.0,434447586030.0,398575767.0,의약품 제조업
361,030210,KTB투자증권,7170.0,-40.0,-0.55,7220.0,7260.0,7080.0,211537.0,1517368050.0,432452039640.0,60314092.0,금융 지원 서비스업
362,357120,코람코에너지리츠,6200.0,30.0,0.49,6200.0,6210.0,6150.0,36872.0,228137140.0,431644000000.0,69620000.0,부동산 임대 및 공급업
363,293940,신한알파리츠,8230.0,10.0,0.12,8220.0,8240.0,8190.0,20414.0,167782940.0,430676912290.0,52330123.0,부동산 임대 및 공급업
364,017940,E1,62700.0,4600.0,7.92,58300.0,63000.0,57600.0,177306.0,10830778600.0,430122000000.0,6860000.0,기타 전문 도매업
365,122900,아이마켓코리아,12750.0,-550.0,-4.14,13000.0,13100.0,12600.0,1464267.0,18723008250.0,426217710000.0,33428840.0,상품 종합 도매업
366,003300,한일홀딩스,14750.0,0.0,0.0,14750.0,14850.0,14550.0,21201.0,312494800.0,425032755000.0,28815780.0,"시멘트, 석회, 플라스터 및 그 제품 제조업"
367,000020,동화약품,15150.0,400.0,2.71,14950.0,15350.0,14800.0,197264.0,2968453150.0,423161770500.0,27931470.0,의약품 제조업
368,091810,티웨이항공,3835.0,35.0,0.92,3805.0,3970.0,3800.0,456571.0,1761883405.0,423116619965.0,110330279.0,항공 여객 운송업
369,005950,이수화학,15100.0,250.0,1.68,14850.0,15200.0,14350.0,1630532.0,24148532550.0,422189114400.0,27959544.0,기초 화학물질 제조업
370,095720,웅진씽크빅,3600.0,-20.0,-0.55,3605.0,3620.0,3545.0,302485.0,1082029295.0,415821546000.0,115505985.0,초등 교육기관
371,003620,쌍용차,2770.0,0.0,0.0,0.0,0.0,0.0,0.0,0.0,415056805540.0,149840002.0,자동차용 엔진 및 자동차 제조업
372,019680,대교,4900.0,-75.0,-1.51,4995.0,5150.0,4865.0,659661.0,3282734555.0,415043965000.0,84702850.0,초등 교육기관
373,008350,남선알미늄,3760.0,-15.0,-0.4,3800.0,3920.0,3750.0,2880834.0,10984438695.0,414273378400.0,110179090.0,1차 비철금속 제조업
374,001940,KISCO홀딩스,22400.0,-500.0,-2.18,22900.0,22900.0,22100.0,29646.0,663661100.0,413870912000.0,18476380.0,1차 철강 제조업
375,001520,동양,1695.0,-35.0,-2.02,1720.0,1725.0,1665.0,2027506.0,3435879245.0,404569486785.0,238684063.0,"시멘트, 석회, 플라스터 및 그 제품 제조업"
376,001500,현대차증권,12700.0,50.0,0.4,12600.0,12750.0,12550.0,41759.0,528627650.0,402749537400.0,31712562.0,금융 지원 서비스업
377,071055,한국금융지주우,68700.0,200.0,0.29,67600.0,68900.0,67500.0,23934.0,1635194700.0,402461843700.0,5858251.0,
378,084680,이월드,2830.0,-15.0,-0.53,2830.0,2875.0,2810.0,274450.0,780953925.0,401311526190.0,141806193.0,귀금속 및 장신용품 제조업
379,213500,한솔제지,16850.0,100.0,0.6,16750.0,17000.0,16600.0,114204.0,1918096500.0,401039705600.0,23800576.0,"펄프, 종이 및 판지 제조업"
380,001780,알루코,4765.0,-160.0,-3.25,4965.0,5120.0,4750.0,3239804.0,15843520305.0,398756075465.0,83684381.0,1차 비철금속 제조업
381,293480,하나제약,22400.0,-50.0,-0.22,22450.0,22550.0,22250.0,38145.0,854635100.0,398113990400.0,17772946.0,의약품 제조업
382,007460,에이프로젠 MED,1985.0,10.0,0.51,1975.0,2020.0,1970.0,1168658.0,2327022685.0,395323131550.0,199155230.0,기타 금속 가공제품 제조업
383,006060,화승인더,7120.0,70.0,0.99,7040.0,7170.0,7040.0,133432.0,949110200.0,393878400000.0,55320000.0,플라스틱제품 제조업
384,006110,삼아알미늄,35750.0,-400.0,-1.11,37000.0,37500.0,33350.0,1471704.0,51609604250.0,393250000000.0,11000000.0,1차 비철금속 제조업
385,084690,대상홀딩스,10850.0,200.0,1.88,10700.0,10950.0,10650.0,62912.0,681168350.0,392906037300.0,36212538.0,기타 금융업
386,058430,포스코강판,65200.0,100.0,0.15,65500.0,66400.0,64300.0,30664.0,1995004800.0,391200000000.0,6000000.0,1차 철강 제조업
387,009680,모토닉,11850.0,100.0,0.85,11800.0,12100.0,11800.0,56226.0,671276100.0,391050000000.0,33000000.0,자동차 신품 부품 제조업
388,068290,삼성출판사,39050.0,-150.0,-0.38,38950.0,39800.0,38350.0,106639.0,4154979650.0,390500000000.0,10000000.0,"서적, 잡지 및 기타 인쇄물 출판업"
389,003220,대원제약,18350.0,50.0,0.27,18400.0,18650.0,17850.0,436825.0,7978641950.0,389475502050.0,21224823.0,의약품 제조업
390,001200,유진투자증권,4010.0,20.0,0.5,3945.0,4030.0,3935.0,237260.0,944865510.0,388434336180.0,96866418.0,금융 지원 서비스업
391,082740,HSD엔진,8260.0,130.0,1.6,8180.0,8350.0,7990.0,281992.0,2307947880.0,385917491960.0,46721246.0,일반 목적용 기계 제조업
392,033240,자화전자,21550.0,750.0,3.61,21400.0,22400.0,20900.0,523097.0,11308879450.0,385745000000.0,17900000.0,전자부품 제조업
393,031440,신세계푸드,98900.0,1600.0,1.64,97300.0,99400.0,96700.0,9938.0,978728000.0,382988272000.0,3872480.0,음식점업
394,011785,금호석유우,126500.0,1000.0,0.8,124500.0,127500.0,124000.0,26758.0,3383904000.0,382470979000.0,3023486.0,
395,00088K,한화3우B,16850.0,250.0,1.51,16650.0,16900.0,16500.0,53284.0,891953900.0,378653200000.0,22472000.0,
396,088260,이리츠코크렙,5970.0,-40.0,-0.67,6000.0,6000.0,5970.0,70394.0,421844370.0,378149292300.0,63341590.0,부동산 임대 및 공급업
397,317400,자이에스앤디,9680.0,-10.0,-0.1,9690.0,9760.0,9560.0,84750.0,815969430.0,375414793600.0,38782520.0,부동산 임대 및 공급업
398,000050,경방,13650.0,-50.0,-0.36,13800.0,13800.0,13550.0,11579.0,157502850.0,374218435500.0,27415270.0,종합 소매업
399,013580,계룡건설,41600.0,950.0,2.34,40800.0,41850.0,39650.0,104848.0,4289617150.0,371525731200.0,8930907.0,토목 건설업
400,001470,삼부토건,2700.0,0.0,0.0,2670.0,2750.0,2595.0,3553589.0,9528336475.0,371375193600.0,137546368.0,토목 건설업
401,002390,한독,26950.0,700.0,2.67,26350.0,27100.0,26050.0,41988.0,1118414250.0,370927214350.0,13763533.0,의약품 제조업
402,016590,신대양제지,91000.0,-1800.0,-1.94,91600.0,92800.0,91000.0,6176.0,566951100.0,366710162000.0,4029782.0,"골판지, 종이 상자 및 종이용기 제조업"
403,016580,환인제약,19700.0,-50.0,-0.25,19600.0,19700.0,19400.0,33837.0,661671500.0,366421379000.0,18600070.0,의약품 제조업
404,004690,삼천리,90300.0,1400.0,1.57,89200.0,90300.0,88900.0,8486.0,760375900.0,366168757500.0,4055025.0,연료용 가스 제조 및 배관공급업
405,005500,삼진제약,26300.0,150.0,0.57,26150.0,26400.0,25850.0,28964.0,757542550.0,365570000000.0,13900000.0,의약품 제조업
406,018470,조일알미늄,3535.0,105.0,3.06,3670.0,3680.0,3400.0,13244867.0,46846372050.0,362803133735.0,102631721.0,1차 비철금속 제조업
407,007810,코리아써키트,15300.0,200.0,1.32,15150.0,15350.0,14800.0,289439.0,4359504300.0,361397490300.0,23620751.0,전자부품 제조업
408,000480,조선내화,90100.0,1100.0,1.24,90500.0,90500.0,89400.0,721.0,64802500.0,360400000000.0,4000000.0,"내화, 비내화 요업제품 제조업"
409,00104K,CJ4우(전환),85200.0,900.0,1.07,85200.0,85200.0,84000.0,4145.0,350159800.0,360098822400.0,4226512.0,
410,006840,AK홀딩스,27150.0,50.0,0.18,27000.0,27450.0,26700.0,9960.0,269351950.0,359671281150.0,13247561.0,기타 금융업
411,093230,이아이디,430.0,3.0,0.7,422.0,439.0,417.0,20783495.0,8926808129.0,359300778150.0,835583205.0,기타 전문 도매업
412,011690,와이투솔루션,2440.0,0.0,0.0,0.0,0.0,0.0,0.0,0.0,359254954280.0,147235637.0,반도체 제조업
413,004700,조광피혁,53900.0,200.0,0.37,54400.0,54500.0,53600.0,3318.0,178989100.0,358388538200.0,6649138.0,"가죽, 가방 및 유사제품 제조업"
414,079430,현대리바트,17450.0,50.0,0.29,17450.0,17600.0,17100.0,63819.0,1109694700.0,358340670900.0,20535282.0,가구 제조업
415,055490,테이팩스,75700.0,1400.0,1.88,74700.0,76200.0,73000.0,44119.0,3298621900.0,357126105000.0,4717650.0,플라스틱제품 제조업
416,136490,선진,15000.0,350.0,2.39,14650.0,15000.0,14600.0,71120.0,1053664050.0,356694060000.0,23779604.0,동물용 사료 및 조제식품 제조업
417,075580,세진중공업,6260.0,160.0,2.62,6140.0,6260.0,6060.0,116558.0,719248960.0,355877594560.0,56849456.0,선박 및 보트 건조업
418,037710,광주신세계,220500.0,500.0,0.23,220000.0,226500.0,215500.0,3669.0,813552500.0,352800000000.0,1600000.0,종합 소매업
419,016450,한세예스24홀딩스,8810.0,110.0,1.26,8670.0,8880.0,8660.0,68484.0,600225480.0,352400000000.0,40000000.0,봉제의복 제조업
420,072710,농심홀딩스,75700.0,300.0,0.4,75700.0,75700.0,74600.0,2808.0,211007400.0,351080703000.0,4637790.0,기타 금융업
421,079980,휴비스,10150.0,-100.0,-0.98,10250.0,10300.0,10050.0,94923.0,959292950.0,350175000000.0,34500000.0,화학섬유 제조업
422,002960,한국쉘석유,268500.0,0.0,0.0,269000.0,270000.0,268000.0,1200.0,322715500.0,349050000000.0,1300000.0,석유 정제품 제조업
423,033920,무학,12150.0,-150.0,-1.22,12200.0,13150.0,11850.0,921559.0,11434128750.0,346275000000.0,28500000.0,알코올음료 제조업
424,377190,디앤디플랫폼리츠,5360.0,30.0,0.56,5330.0,5370.0,5310.0,183101.0,976708030.0,345184000000.0,64400000.0,부동산 임대 및 공급업
425,000680,LS네트웍스,4380.0,580.0,15.26,3800.0,4735.0,3800.0,9113448.0,40759747395.0,345157210080.0,78803016.0,상품 종합 도매업
426,002780,진흥기업,2355.0,45.0,1.95,2305.0,2355.0,2280.0,1752093.0,4056918240.0,342585959475.0,145471745.0,토목 건설업
427,003570,SNT중공업,10300.0,50.0,0.49,10200.0,10350.0,10150.0,18938.0,194075750.0,342502779100.0,33252697.0,자동차 신품 부품 제조업
428,214330,금호에이치티,2485.0,-185.0,-6.93,2490.0,2575.0,2405.0,4722356.0,11772110100.0,341962336030.0,137610598.0,자동차 신품 부품 제조업
429,000140,하이트진로홀딩스,14600.0,50.0,0.34,14700.0,14700.0,14450.0,10878.0,158188700.0,338818769000.0,23206765.0,기타 금융업
430,249420,일동제약,14200.0,50.0,0.35,14200.0,14350.0,14000.0,16426.0,233222900.0,338006647000.0,23803285.0,의약품 제조업
431,003920,남양유업,468000.0,-3500.0,-0.74,472000.0,474000.0,455000.0,5353.0,2481502500.0,336960000000.0,720000.0,낙농제품 및 식용빙과류 제조업
432,900140,엘브이엠씨홀딩스,3380.0,-5.0,-0.15,3375.0,3415.0,3355.0,161083.0,544342065.0,336158903860.0,99455297.0,자동차 판매업
433,306200,세아제강,118000.0,-2500.0,-2.07,120500.0,123000.0,115500.0,32980.0,3878810500.0,334683400000.0,2836300.0,1차 철강 제조업
434,015860,일진홀딩스,6730.0,-20.0,-0.3,6780.0,6880.0,6590.0,1076353.0,7206613770.0,332108560590.0,49347483.0,기타 금융업
435,002030,아세아,151000.0,-6000.0,-3.82,158000.0,159000.0,150000.0,5091.0,776757000.0,330844624000.0,2191024.0,회사 본부 및 경영 컨설팅 서비스업
436,029530,신도리코,32700.0,250.0,0.77,32150.0,32800.0,32150.0,14687.0,477323900.0,329616948300.0,10080029.0,컴퓨터 및 주변장치 제조업
437,005960,동부건설,14500.0,600.0,4.32,14000.0,14650.0,13950.0,261000.0,3749200000.0,329610070500.0,22731729.0,토목 건설업
438,011280,태림포장,4655.0,55.0,1.2,4560.0,4680.0,4560.0,127915.0,591681945.0,329601650700.0,70805940.0,"골판지, 종이 상자 및 종이용기 제조업"
439,002900,TYM,2320.0,-15.0,-0.64,2340.0,2360.0,2275.0,2786062.0,6456615780.0,327966206080.0,141364744.0,특수 목적용 기계 제조업
440,005810,풍산홀딩스,30550.0,-450.0,-1.45,31000.0,31200.0,30250.0,30756.0,939509050.0,318011080400.0,10409528.0,기타 금융업
441,029460,케이씨,22900.0,0.0,0.0,22900.0,22900.0,22500.0,49311.0,1121829700.0,310387607600.0,13554044.0,"측정, 시험, 항해, 제어 및 기타 정밀기기 제조업; 광학기기 제외"
442,033530,세종공업,11100.0,0.0,0.0,11250.0,11450.0,10950.0,694147.0,7768333750.0,308812667100.0,27820961.0,자동차 신품 부품 제조업
443,002620,제일파마홀딩스,19200.0,350.0,1.86,18800.0,19300.0,18400.0,7690.0,145039250.0,306688416000.0,15973355.0,회사 본부 및 경영 컨설팅 서비스업
444,036530,SNT홀딩스,18800.0,-50.0,-0.27,18800.0,18800.0,18550.0,7612.0,142097000.0,306513056800.0,16303886.0,기타 금융업
445,001790,대한제당,3400.0,200.0,6.25,3280.0,3450.0,3230.0,5718571.0,19289849585.0,304968372000.0,89696580.0,"곡물가공품, 전분 및 전분제품 제조업"
446,013360,일성건설,5640.0,1300.0,29.95,4295.0,5640.0,4210.0,50633868.0,257619829855.0,304700323200.0,54024880.0,토목 건설업
447,010690,화신,8650.0,-350.0,-3.89,9020.0,9030.0,8450.0,484660.0,4193319800.0,302061546500.0,34920410.0,자동차 신품 부품 제조업
448,107590,미원홀딩스,129000.0,3500.0,2.79,125500.0,129500.0,125500.0,2208.0,282353500.0,299280000000.0,2320000.0,기타 금융업
449,077500,유니퀘스트,10950.0,0.0,0.0,10900.0,11000.0,10700.0,106069.0,1151623550.0,299255013750.0,27329225.0,기계장비 및 관련 물품 도매업
450,000390,삼화페인트,11000.0,0.0,0.0,10950.0,11100.0,10700.0,71876.0,781436450.0,299238159000.0,27203469.0,기타 화학제품 제조업
451,322000,현대에너지솔루션,26700.0,750.0,2.89,26100.0,26950.0,26000.0,45435.0,1204109750.0,299040000000.0,11200000.0,반도체 제조업
452,101060,SBS미디어홀딩스,2135.0,15.0,0.71,2140.0,2140.0,2105.0,163543.0,346897290.0,298678365650.0,139896190.0,텔레비전 방송업
453,007210,벽산,4320.0,340.0,8.54,3980.0,4375.0,3940.0,6730557.0,28755564480.0,296179200000.0,68560000.0,기타 비금속 광물제품 제조업
454,003960,사조대림,32200.0,-150.0,-0.46,32300.0,32800.0,31850.0,33669.0,1082845950.0,295095837400.0,9164467.0,수산물 가공 및 저장 처리업
455,009155,삼성전기우,101500.0,1000.0,1.0,101000.0,102000.0,99700.0,18047.0,1813523300.0,295058876000.0,2906984.0,
456,007160,사조산업,59000.0,-500.0,-0.84,59500.0,60200.0,58300.0,18210.0,1071477200.0,295000000000.0,5000000.0,어로 어업
457,004560,현대비앤지스틸,19550.0,50.0,0.26,19350.0,19750.0,19100.0,126545.0,2450648950.0,294790755050.0,15078811.0,1차 철강 제조업
458,025000,KPX케미칼,60900.0,-200.0,-0.33,61000.0,61200.0,60300.0,4848.0,293878000.0,294756000000.0,4840000.0,기초 화학물질 제조업
459,007860,서연,12550.0,-950.0,-7.04,13000.0,13050.0,12550.0,322211.0,4093787900.0,294672042200.0,23479844.0,기타 금융업
460,102260,동성케미컬,5890.0,-20.0,-0.34,5910.0,5940.0,5850.0,85065.0,500822020.0,292672497920.0,49689728.0,회사 본부 및 경영 컨설팅 서비스업
461,014160,대영포장,2695.0,-35.0,-1.28,2735.0,2735.0,2655.0,1016038.0,2729648510.0,292123309555.0,108394549.0,"골판지, 종이 상자 및 종이용기 제조업"
462,009580,무림P&P,4670.0,-50.0,-1.06,4720.0,4790.0,4650.0,68119.0,319604965.0,291260073080.0,62368324.0,"펄프, 종이 및 판지 제조업"
463,016610,DB금융투자,6840.0,20.0,0.29,6800.0,6850.0,6750.0,46443.0,316427820.0,290333300760.0,42446389.0,금융 지원 서비스업
464,012610,경인양행,6980.0,-10.0,-0.14,6970.0,7030.0,6930.0,135300.0,942241290.0,289993627700.0,41546365.0,기초 화학물질 제조업
465,002810,삼영무역,15700.0,50.0,0.32,15600.0,15850.0,15550.0,10612.0,166600050.0,289931083600.0,18466948.0,기타 전문 도매업
466,004890,동일산업,118500.0,1000.0,0.85,118500.0,118500.0,117000.0,821.0,96658500.0,287387977500.0,2425215.0,1차 철강 제조업
467,001130,대한제분,166500.0,500.0,0.3,165000.0,166500.0,164000.0,4804.0,793421500.0,281385000000.0,1690000.0,"곡물가공품, 전분 및 전분제품 제조업"
468,000490,대동,11850.0,350.0,3.04,11500.0,11850.0,11150.0,293968.0,3375038750.0,281179288500.0,23728210.0,특수 목적용 기계 제조업
469,092230,KPX홀딩스,66500.0,-100.0,-0.15,66900.0,67000.0,65800.0,965.0,63996500.0,280938959000.0,4224646.0,기초 화학물질 제조업
470,002210,동성제약,10750.0,-250.0,-2.27,11200.0,11200.0,10650.0,189743.0,2051969750.0,280585427500.0,26100970.0,의약품 제조업
471,002100,경농,14300.0,350.0,2.51,13900.0,14300.0,13600.0,69603.0,972223300.0,279172822500.0,19522575.0,"비료, 농약 및 살균, 살충제 제조업"
472,095570,AJ네트웍스,5960.0,40.0,0.68,5920.0,5990.0,5800.0,101402.0,598345110.0,279060878200.0,46822295.0,산업용 기계 및 장비 임대업
473,096760,JW홀딩스,4075.0,-5.0,-0.12,4080.0,4120.0,4040.0,38196.0,155117355.0,278897816650.0,68441182.0,기타 금융업
474,194370,제이에스코퍼레이션,20900.0,750.0,3.72,20050.0,21050.0,20050.0,61902.0,1273637450.0,278714060900.0,13335601.0,"가죽, 가방 및 유사제품 제조업"
475,214390,경보제약,11650.0,-200.0,-1.69,11800.0,11900.0,11450.0,135221.0,1572728000.0,278514919000.0,23906860.0,기초 의약물질 및 생물학적 제제 제조업
476,372910,한컴라이프케어,10050.0,-50.0,-0.5,10100.0,10350.0,10050.0,349961.0,3553258750.0,278127780300.0,27674406.0,의료용 기기 제조업
477,234080,JW생명과학,17500.0,200.0,1.16,17300.0,17500.0,17050.0,21898.0,378431200.0,277104695000.0,15834554.0,의약품 제조업
478,000430,대원강업,4465.0,-40.0,-0.89,4500.0,4550.0,4375.0,393593.0,1749762370.0,276830000000.0,62000000.0,자동차 신품 부품 제조업
479,083420,그린케미칼,11500.0,0.0,0.0,11400.0,11550.0,11400.0,64545.0,740398250.0,276000000000.0,24000000.0,기타 화학제품 제조업
480,004980,성신양회,11250.0,250.0,2.27,10850.0,11300.0,10850.0,228315.0,2541886500.0,275805821250.0,24516073.0,"시멘트, 석회, 플라스터 및 그 제품 제조업"
481,002150,도화엔지니어링,8160.0,140.0,1.75,8110.0,8280.0,8040.0,61077.0,495606730.0,275155200000.0,33720000.0,"건축기술, 엔지니어링 및 관련 기술 서비스업"
482,063160,종근당바이오,49950.0,-50.0,-0.1,50100.0,50300.0,49200.0,18273.0,908251300.0,274023801900.0,5485962.0,의약품 제조업
483,00279K,아모레G3우(전환),38250.0,900.0,2.41,37900.0,38250.0,37500.0,6885.0,260517300.0,271276650000.0,7092200.0,
484,005680,삼영전자,13500.0,250.0,1.89,13150.0,13600.0,13050.0,136939.0,1827053750.0,270000000000.0,20000000.0,전자부품 제조업
485,003200,일신방직,112500.0,2000.0,1.81,110500.0,112500.0,109500.0,2718.0,301814500.0,270000000000.0,2400000.0,방적 및 가공사 제조업
486,229640,LS전선아시아,8770.0,190.0,2.21,8840.0,8880.0,8580.0,509979.0,4455793870.0,268580188830.0,30624879.0,기타 금융업
487,003160,디아이,8490.0,50.0,0.59,8520.0,8610.0,8240.0,339667.0,2861386540.0,267407704650.0,31496785.0,"측정, 시험, 항해, 제어 및 기타 정밀기기 제조업; 광학기기 제외"
488,002410,범양건영,10700.0,400.0,3.88,10100.0,11300.0,9950.0,10227766.0,108588007690.0,265702207400.0,24831982.0,건물 건설업
489,004360,세방,13750.0,-100.0,-0.72,13850.0,13850.0,13600.0,95236.0,1308014450.0,265494487500.0,19308690.0,도로 화물 운송업
490,005720,넥센,4950.0,15.0,0.3,4935.0,4960.0,4915.0,13650.0,67335540.0,265042686150.0,53543977.0,고무제품 제조업
491,097955,CJ제일제당 우,199500.0,0.0,0.0,201500.0,201500.0,198500.0,2806.0,558548500.0,264822883500.0,1327433.0,
492,000155,두산우,66200.0,900.0,1.38,65900.0,66500.0,65000.0,2152.0,141747000.0,264565784400.0,3996462.0,
493,044450,KSS해운,11400.0,300.0,2.7,11100.0,11650.0,11100.0,136875.0,1569355500.0,264319032000.0,23185880.0,해상 운송업
494,070960,용평리조트,5470.0,70.0,1.3,5360.0,5480.0,5360.0,99726.0,539633570.0,263289331510.0,48133333.0,일반 및 생활 숙박시설 운영업
495,001460,BYC,421000.0,3000.0,0.72,418000.0,423000.0,413500.0,2175.0,915292000.0,262962915000.0,624615.0,봉제의복 제조업
496,004960,한신공영,22550.0,-150.0,-0.66,22600.0,22800.0,22150.0,45950.0,1029265250.0,260919330100.0,11570702.0,건물 건설업
497,004250,NPC,7080.0,90.0,1.29,7230.0,7900.0,6970.0,19899904.0,150451655840.0,259977600000.0,36720000.0,플라스틱제품 제조업
498,101530,해태제과식품,8920.0,-10.0,-0.11,8900.0,9010.0,8810.0,15678.0,139585120.0,259722052240.0,29116822.0,기타 식품 제조업
